timestamp_us,frequency_hz,amplitude_px,clean_dx,clean_dy,tremor_dx,tremor_dy,observed_dx,observed_dy
3,8.000,9.000,0.00000,0.00000,0.00000,0.00000,0.00000,0.00000
35768,8.000,9.000,0.00000,0.00000,8.94147,-5.30463,8.94147,-5.30463
47842,8.000,9.000,0.00000,0.00000,-2.73445,-4.08092,-2.73445,-4.08092
57800,8.000,9.000,0.00000,0.00000,-4.03240,-2.62484,-4.03240,-2.62484
65245,8.000,9.000,0.00000,0.00000,-3.45535,-1.08330,-3.45535,-1.08330
73487,8.000,9.000,0.00000,0.00000,-3.62956,-0.10399,-3.62956,-0.10399
80280,8.000,9.000,0.00000,0.00000,-2.41148,0.80117,-2.41148,0.80117
89722,8.000,9.000,0.00000,0.00000,-1.92615,2.26387,-1.92615,2.26387
96319,8.000,9.000,0.00000,0.00000,-0.14641,2.14002,-0.14641,2.14002
105721,8.000,9.000,0.00000,0.00000,1.54695,3.33426,1.54695,3.33426
112177,8.000,9.000,0.00000,0.00000,2.10853,2.14288,2.10853,2.14288
121748,8.000,9.000,0.00000,0.00000,4.17593,2.41722,4.17593,2.41722
129040,8.000,9.000,0.00000,0.00000,3.50366,0.92791,3.50366,0.92791
137523,8.000,9.000,0.00000,0.00000,3.75108,-0.10935,3.75108,-0.10935
145403,8.000,9.000,0.00000,0.00000,2.60719,-1.23615,2.60719,-1.23615
153452,8.000,9.000,0.00000,0.00000,1.34950,-2.19734,1.34950,-2.19734
161419,8.000,9.000,0.00000,0.00000,-0.19444,-2.76449,-0.19444,-2.76449
169440,8.000,9.000,0.00000,0.00000,-1.71425,-2.93394,-1.71425,-2.93394
177442,8.000,9.000,0.00000,0.00000,-2.96527,-2.60922,-2.96527,-2.60922
185432,8.000,9.000,0.00000,0.00000,-3.74663,-1.86864,-3.74663,-1.86864
193441,8.000,9.000,0.00000,0.00000,-3.94754,-0.82872,-3.94754,-0.82872
201436,8.000,9.000,0.00000,0.00000,-3.50229,0.35578,-3.50229,0.35578
209435,8.000,9.000,0.00000,0.00000,-2.50114,1.49047,-2.50114,1.49047
217433,8.000,9.000,0.00000,0.00000,-1.09018,2.39429,-1.09018,2.39429
224244,8.000,9.000,0.00000,0.00000,0.32907,2.47192,0.32907,2.47192
233738,8.000,9.000,0.00000,0.00000,2.31180,3.54304,2.31180,3.54304
241351,8.000,9.000,0.00000,0.00000,3.10067,2.43817,3.10067,2.43817
248748,8.000,9.000,0.00000,0.00000,3.63054,1.65423,3.63054,1.65423
257611,8.000,9.000,0.00000,0.00000,4.45027,0.73418,4.45027,0.73418
265385,8.000,9.000,0.00000,0.00000,3.34255,-0.58867,3.34255,-0.58867
273440,8.000,9.000,0.00000,0.00000,2.33915,-1.73893,2.33915,-1.73893
280288,8.000,9.000,0.00000,0.00000,0.79775,-2.18230,0.79775,-2.18230
289711,8.000,9.000,0.00000,0.00000,-0.87046,-3.56644,-0.87046,-3.56644
297361,8.000,9.000,0.00000,0.00000,-2.26649,-2.88325,-2.26649,-2.88325
305433,8.000,9.000,0.00000,0.00000,-3.53295,-2.52787,-3.53295,-2.52787
313283,8.000,9.000,0.00000,0.00000,-4.02751,-1.56431,-4.02751,-1.56431
321472,8.000,9.000,0.00000,0.00000,-4.14934,-0.42430,-4.14934,-0.42430
329099,8.000,9.000,0.00000,0.00000,-3.21235,0.78327,-3.21235,0.78327
337521,8.000,9.000,0.00000,0.00000,-2.23834,2.05128,-2.23834,2.05128
345905,8.000,9.000,0.00000,0.00000,-0.48063,2.93195,-0.48063,2.93195
352241,8.000,9.000,0.00000,0.00000,0.86365,2.49719,0.86365,2.49719
361729,8.000,9.000,0.00000,0.00000,3.06219,3.59792,3.06219,3.59792
369363,8.000,9.000,0.00000,0.00000,3.58942,2.28723,3.58942,2.28723
377444,8.000,9.000,0.00000,0.00000,4.27898,1.42261,4.27898,1.42261
385431,8.000,9.000,0.00000,0.00000,4.04396,0.17053,4.04396,0.17053
393434,8.000,9.000,0.00000,0.00000,3.21603,-1.09518,3.21603,-1.09518
401434,8.000,9.000,0.00000,0.00000,1.85994,-2.19224,1.85994,-2.19224
411746,8.000,9.000,0.00000,0.00000,-0.06249,-3.86990,-0.06249,-3.86990
416807,8.000,9.000,0.00000,0.00000,-1.05914,-2.05009,-1.05914,-2.05009
425586,8.000,9.000,0.00000,0.00000,-3.20718,-3.29872,-3.20718,-3.29872
432125,8.000,9.000,0.00000,0.00000,-3.20359,-1.92480,-3.20359,-1.92480
441257,8.000,9.000,0.00000,0.00000,-4.92871,-1.49781,-4.92871,-1.49781
449476,8.000,9.000,0.00000,0.00000,-4.12278,0.06516,-4.12278,0.06516
456329,8.000,9.000,0.00000,0.00000,-2.68150,1.08593,-2.68150,1.08593
464614,8.000,9.000,0.00000,0.00000,-1.84308,2.37653,-1.84308,2.37653
472456,8.000,9.000,0.00000,0.00000,-0.06647,2.97365,-0.06647,2.97365
481519,8.000,9.000,0.00000,0.00000,1.96911,3.70638,1.96911,3.70638
488921,8.000,9.000,0.00000,0.00000,2.97669,2.73718,2.97669,2.73718
497405,8.000,9.000,0.00000,0.00000,4.37224,2.29674,4.37224,2.29674
505439,8.000,9.000,0.00000,0.00000,4.40520,0.98949,4.40520,0.98949
513255,8.000,9.000,0.00000,0.00000,3.84519,-0.30634,3.84519,-0.30634
521472,8.000,9.000,0.00000,0.00000,2.92371,-1.62278,2.92371,-1.62278
529057,8.000,9.000,0.00000,0.00000,1.25669,-2.45306,1.25669,-2.45306
537523,8.000,9.000,0.00000,0.00000,-0.46226,-3.37902,-0.46226,-3.37902
545412,8.000,9.000,0.00000,0.00000,-2.13343,-3.24477,-2.13343,-3.24477
553088,8.000,9.000,0.00000,0.00000,-3.33911,-2.75393,-3.33911,-2.75393
561526,8.000,9.000,0.00000,0.00000,-4.51768,-2.08183,-4.51768,-2.08183
569410,8.000,9.000,0.00000,0.00000,-4.33536,-0.73186,-4.33536,-0.73186
577438,8.000,9.000,0.00000,0.00000,-3.81606,0.58483,-3.81606,0.58483
585435,8.000,9.000,0.00000,0.00000,-2.59356,1.82608,-2.59356,1.82608
593434,8.000,9.000,0.00000,0.00000,-0.97065,2.77860,-0.97065,2.77860
601432,8.000,9.000,0.00000,0.00000,0.81113,3.28814,0.81113,3.28814
609436,8.000,9.000,0.00000,0.00000,2.46869,3.27583,2.46869,3.27583
617410,8.000,9.000,0.00000,0.00000,3.71846,2.72838,3.71846,2.72838
625435,8.000,9.000,0.00000,0.00000,4.41464,1.76682,4.41464,1.76682
633433,8.000,9.000,0.00000,0.00000,4.36774,0.50067,4.36774,0.50067
641446,8.000,9.000,0.00000,0.00000,3.64294,-0.84211,3.64294,-0.84211
648826,8.000,9.000,0.00000,0.00000,2.19941,-1.85393,2.19941,-1.85393
656327,8.000,9.000,0.00000,0.00000,0.77822,-2.67988,0.77822,-2.67988
665688,8.000,9.000,0.00000,0.00000,-1.23473,-3.89359,-1.23473,-3.89359
672256,8.000,9.000,0.00000,0.00000,-2.20124,-2.67154,-2.20124,-2.67154
680302,8.000,9.000,0.00000,0.00000,-3.81419,-2.72643,-3.81419,-2.72643
689717,8.000,9.000,0.00000,0.00000,-5.23057,-1.88424,-5.23057,-1.88424
696816,8.000,9.000,0.00000,0.00000,-3.82634,-0.24373,-3.82634,-0.24373
704782,8.000,9.000,0.00000,0.00000,-3.51234,0.98295,-3.51234,0.98295
712851,8.000,9.000,0.00000,0.00000,-2.17082,2.19062,-2.17082,2.19062
721579,8.000,9.000,0.00000,0.00000,-0.37785,3.30956,-0.37785,3.30956
728841,8.000,9.000,0.00000,0.00000,1.30303,3.05942,1.30303,3.05942
737586,8.000,9.000,0.00000,0.00000,3.26055,3.44723,3.26055,3.44723
745408,8.000,9.000,0.00000,0.00000,3.99867,2.35864,3.99867,2.35864
753445,8.000,9.000,0.00000,0.00000,4.50944,1.31478,4.50944,1.31478
761431,8.000,9.000,0.00000,0.00000,4.17096,-0.01260,4.17096,-0.01260
769431,8.000,9.000,0.00000,0.00000,3.20153,-1.32827,3.20153,-1.32827
777442,8.000,9.000,0.00000,0.00000,1.71516,-2.43595,1.71516,-2.43595
785423,8.000,9.000,0.00000,0.00000,-0.04605,-3.13922,-0.04605,-3.13922
793456,8.000,9.000,0.00000,0.00000,-1.80556,-3.37157,-1.80556,-3.37157
799877,8.000,9.000,0.00000,0.00000,-2.52482,-2.48337,-2.52482,-2.48337
809009,8.000,9.000,0.00000,0.00000,-4.68935,-2.67363,-4.68935,-2.67363
816870,8.000,9.000,0.00000,0.00000,-4.39446,-1.12112,-4.39446,-1.12112
825591,8.000,9.000,0.00000,0.00000,-4.40038,0.25491,-4.40038,0.25491
832434,8.000,9.000,0.00000,0.00000,-2.57645,1.27716,-2.57645,1.27716
841580,8.000,9.000,0.00000,0.00000,-1.68178,2.90071,-1.68178,2.90071
849397,8.000,9.000,0.00000,0.00000,0.39025,3.13858,0.39025,3.13858
857201,8.000,9.000,0.00000,0.00000,2.01549,3.23779,2.01549,3.23779
864795,8.000,9.000,0.00000,0.00000,3.22762,2.78216,3.22762,2.78216
873584,8.000,9.000,0.00000,0.00000,4.67056,2.24112,4.67056,2.24112
880312,8.000,9.000,0.00000,0.00000,3.71954,0.74777,3.71954,0.74777
889709,8.000,9.000,0.00000,0.00000,4.54019,-0.52568,4.54019,-0.52568
896703,8.000,9.000,0.00000,0.00000,2.35233,-1.51283,2.35233,-1.51283
905424,8.000,9.000,0.00000,0.00000,1.22447,-2.91939,1.22447,-2.91939
912741,8.000,9.000,0.00000,0.00000,-0.58731,-2.95373,-0.58731,-2.95373
921596,8.000,9.000,0.00000,0.00000,-2.55512,-3.59158,-2.55512,-3.59158
928729,8.000,9.000,0.00000,0.00000,-3.20467,-2.45787,-3.20467,-2.45787
937614,8.000,9.000,0.00000,0.00000,-4.75876,-2.01499,-4.75876,-2.01499
945386,8.000,9.000,0.00000,0.00000,-4.17095,-0.52684,-4.17095,-0.52684
953442,8.000,9.000,0.00000,0.00000,-3.62888,0.76078,-3.62888,0.76078
961432,8.000,9.000,0.00000,0.00000,-2.33318,1.94278,-2.33318,1.94278
969432,8.000,9.000,0.00000,0.00000,-0.70434,2.81622,-0.70434,2.81622
977387,8.000,9.000,0.00000,0.00000,1.02387,3.21729,1.02387,3.21729
985443,8.000,9.000,0.00000,0.00000,2.61640,3.16029,2.61640,3.16029
993443,8.000,9.000,0.00000,0.00000,3.74870,2.53909,3.74870,2.53909
1001427,8.000,9.000,0.00000,0.00000,4.28323,1.53678,4.28323,1.53678
1009456,8.000,9.000,0.00000,0.00000,4.16383,0.29860,4.16383,0.29860
1016316,8.000,9.000,0.00000,2.00000,2.93816,-0.77289,2.93816,1.22711
1025257,8.000,9.000,-1.00000,2.00000,2.38427,-2.25964,1.38427,-0.25964
1033015,8.000,9.000,-1.00000,2.00000,0.41776,-2.77874,-0.58224,-0.77874
1040580,8.000,9.000,-2.00000,5.00000,-1.13640,-3.02412,-3.13640,1.97588
1049664,8.000,9.000,0.00000,3.00000,-3.12614,-3.42746,-3.12614,-0.42746
1056030,8.000,9.000,-1.00000,3.00000,-3.01262,-1.91282,-4.01262,1.08718
1065805,8.000,9.000,-1.00000,3.00000,-5.15541,-1.66617,-6.15541,1.33383
1073264,8.000,9.000,-1.00000,1.00000,-3.69712,-0.03226,-4.69712,0.96774
1081179,8.000,9.000,-1.00000,3.00000,-3.06714,1.14950,-4.06714,4.14950
1089506,8.000,9.000,-1.00000,2.00000,-1.77028,2.31959,-2.77028,4.31959
1096952,8.000,9.000,-1.00000,3.00000,-0.07623,2.71328,-1.07623,5.71328
1104998,8.000,9.000,0.00000,2.00000,1.52286,3.15863,1.52286,5.15863
1112487,8.000,9.000,-1.00000,3.00000,2.69703,2.71437,1.69703,5.71437
1121666,8.000,9.000,-2.00000,4.00000,4.40663,2.46827,2.40663,6.46827
1128920,8.000,9.000,-1.00000,4.00000,3.76738,0.96607,2.76738,4.96607
1137574,8.000,9.000,-1.00000,3.00000,4.07955,-0.17110,3.07955,2.82890
1145411,8.000,9.000,-1.00000,3.00000,2.70880,-1.36129,1.70880,1.63871
1153445,8.000,9.000,-1.00000,3.00000,1.35912,-2.35667,0.35912,0.64333
1161436,8.000,9.000,-1.00000,3.00000,-0.27628,-2.93106,-1.27628,0.06894
1169438,8.000,9.000,-1.00000,3.00000,-1.84964,-3.05064,-2.84964,-0.05064
1177436,8.000,9.000,0.00000,2.00000,-3.11718,-2.67865,-3.11718,-0.67865
1185438,8.000,9.000,-1.00000,1.00000,-3.88322,-1.88531,-4.88322,-0.88531
1193436,8.000,9.000,-1.00000,2.00000,-4.02254,-0.79541,-5.02254,1.20459
1201436,8.000,9.000,-2.00000,2.00000,-3.52365,0.41271,-5.52365,2.41271
1209442,8.000,9.000,-1.00000,2.00000,-2.46788,1.54880,-3.46788,3.54880
1217430,8.000,9.000,-1.00000,3.00000,-1.02266,2.42416,-2.02266,5.42416
1225442,8.000,9.000,-2.00000,3.00000,0.57185,2.92010,-1.42815,5.92010
1232297,8.000,9.000,-3.00000,4.00000,1.68853,2.53301,-1.31147,6.53301
1241697,8.000,9.000,-2.00000,5.00000,3.71131,2.95990,1.71131,7.95990
1249375,8.000,9.000,-4.00000,4.00000,3.70250,1.57272,-0.29750,5.57272
1257234,8.000,9.000,-3.00000,3.00000,3.80530,0.56358,0.80530,3.56358
1265475,8.000,9.000,-2.00000,5.00000,3.37503,-0.62787,1.37503,4.37213
1272312,8.000,9.000,-5.00000,5.00000,1.92001,-1.39080,-3.07999,3.60920
1281535,8.000,9.000,-3.00000,4.00000,0.92491,-2.80839,-2.07509,1.19161
1289409,8.000,9.000,-2.00000,5.00000,-0.83803,-2.82787,-2.83803,2.17213
1296956,8.000,9.000,-3.00000,4.00000,-2.08467,-2.65481,-5.08467,1.34519
1305546,8.000,9.000,-3.00000,6.00000,-3.50171,-2.47239,-6.50171,3.52761
1313156,8.000,9.000,-5.00000,6.00000,-3.60347,-1.35650,-8.60347,4.64350
1321503,8.000,9.000,-5.00000,6.00000,-3.84956,-0.35201,-8.84956,5.64799
1329077,8.000,9.000,-4.00000,7.00000,-2.85814,0.75064,-6.85814,7.75064
1337528,8.000,9.000,-5.00000,8.00000,-1.96714,1.89352,-6.96714,9.89352
1345412,8.000,9.000,-4.00000,8.00000,-0.38774,2.47540,-4.38774,10.47540
1353442,8.000,9.000,-4.00000,8.00000,1.09589,2.81529,-2.90411,10.81529
1361435,8.000,9.000,-5.00000,8.00000,2.39883,2.65018,-2.60117,10.65018
1369436,8.000,9.000,-4.00000,7.00000,3.31550,2.08004,-0.68450,9.08004
1377435,8.000,9.000,-4.00000,6.00000,3.69453,1.18097,-0.30547,7.18097
1385431,8.000,9.000,-2.00000,3.00000,3.48287,0.10264,1.48287,3.10264
1393439,8.000,9.000,-1.00000,1.00000,2.72452,-0.98447,1.72452,0.01553
1401436,8.000,9.000,-1.00000,1.00000,1.53213,-1.90337,0.53213,-0.90337
1408185,8.000,9.000,0.00000,0.00000,0.19020,-2.09609,0.19020,-2.09609
1417755,8.000,9.000,0.00000,0.00000,-1.47590,-3.24275,-1.47590,-3.24275
1425266,8.000,9.000,0.00000,0.00000,-2.37927,-2.33563,-2.37927,-2.33563
1433412,8.000,9.000,0.00000,0.00000,-3.36997,-1.91067,-3.36997,-1.91067
1441445,8.000,9.000,0.00000,0.00000,-3.59199,-0.95838,-3.59199,-0.95838
1449424,8.000,9.000,0.00000,0.00000,-3.25865,0.10327,-3.25865,0.10327
1457441,8.000,9.000,0.00000,0.00000,-2.44581,1.13712,-2.44581,1.13712
1465435,8.000,9.000,0.00000,0.00000,-1.23184,1.97581,-1.23184,1.97581
1473435,8.000,9.000,0.00000,0.00000,0.15905,2.49728,0.15905,2.49728
1481430,8.000,9.000,0.00000,0.00000,1.51236,2.61472,1.51236,2.61472
1489439,8.000,9.000,0.00000,0.00000,2.61856,2.32109,2.61856,2.32109
1496997,8.000,9.000,0.00000,0.00000,3.10160,1.58545,3.10160,1.58545
1505530,8.000,9.000,0.00000,0.00000,3.66828,0.80571,3.66828,0.80571
1512535,8.000,9.000,0.00000,0.00000,2.69406,-0.21268,2.69406,-0.21268
1520392,8.000,9.000,0.00000,0.00000,2.24771,-1.13684,2.24771,-1.13684
1528894,8.000,9.000,0.00000,0.00000,1.14174,-2.08890,1.14174,-2.08890
1537061,8.000,9.000,0.00000,0.00000,-0.33793,-2.49912,-0.33793,-2.49912
1545529,8.000,9.000,0.00000,0.00000,-1.76065,-2.64865,-1.76065,-2.64865
1553420,8.000,9.000,0.00000,0.00000,-2.65044,-2.11055,-2.65044,-2.11055
1561434,8.000,9.000,0.00000,0.00000,-3.25032,-1.44902,-3.25032,-1.44902
1569434,8.000,9.000,0.00000,0.00000,-3.28687,-0.52612,-3.28687,-0.52612
1577433,8.000,9.000,0.00000,0.00000,-2.80611,0.46867,-2.80611,0.46867
1585430,8.000,9.000,0.00000,0.00000,-1.88420,1.37950,-1.88420,1.37950
1593426,8.000,9.000,0.00000,0.00000,-0.67233,2.06285,-0.67233,2.06285
1601434,8.000,9.000,0.00000,0.00000,0.63687,2.41665,0.63687,2.41665
1609196,8.000,9.000,0.00000,0.00000,1.76325,2.31130,1.76325,2.31130
1617483,8.000,9.000,0.00000,0.00000,2.81444,2.04062,2.81444,2.04062
1625435,8.000,9.000,-1.00000,0.00000,3.16133,1.23207,2.16133,1.23207
1633437,8.000,9.000,-3.00000,-5.00000,3.12429,0.32908,0.12429,-4.67092
1641429,8.000,9.000,-5.00000,-8.00000,2.56962,-0.62701,-2.43038,-8.62701
1649442,8.000,9.000,-7.00000,-9.00000,1.61943,-1.47910,-5.38057,-10.47910
1656327,8.000,9.000,-7.00000,-11.00000,0.43128,-1.76892,-6.56872,-12.76892
1664619,8.000,9.000,-8.00000,-12.00000,-0.72263,-2.42559,-8.72263,-14.42558
1673637,8.000,9.000,-9.00000,-10.00000,-2.16101,-2.54259,-11.16101,-12.54259
1681382,8.000,9.000,-8.00000,-10.00000,-2.66994,-1.72525,-10.66994,-11.72525
1689447,8.000,9.000,-7.00000,-10.00000,-3.12487,-1.05620,-10.12487,-11.05620
1697170,8.000,9.000,-7.00000,-7.00000,-2.85910,-0.15380,-9.85910,-7.15380
1705501,8.000,9.000,-6.00000,-6.00000,-2.44612,0.79207,-8.44612,-5.20793
1713189,8.000,9.000,-4.00000,-3.00000,-1.31931,1.49079,-5.31931,-1.50921
1721494,8.000,9.000,-3.00000,-2.00000,-0.19290,2.16421,-3.19290,0.16421
1728980,8.000,9.000,-3.00000,-2.00000,0.94175,2.14060,-2.05825,0.14060
1737550,8.000,9.000,0.00000,0.00000,2.19011,2.27374,2.19011,2.27374
1745383,8.000,9.000,-1.00000,-1.00000,2.70550,1.57796,1.70550,0.57796
1753448,8.000,9.000,-2.00000,0.00000,3.03570,0.86687,1.03570,0.86687
1761433,8.000,9.000,-2.00000,-1.00000,2.77704,-0.02863,0.77704,-1.02863
1769432,8.000,9.000,-3.00000,-3.00000,2.11339,-0.90223,-0.88661,-3.90223
1777435,8.000,9.000,-5.00000,-4.00000,1.11452,-1.62750,-3.88548,-5.62750
1785435,8.000,9.000,-6.00000,-6.00000,-0.05481,-2.08752,-6.05481,-8.08752
1793433,8.000,9.000,-6.00000,-6.00000,-1.20551,-2.21244,-7.20551,-8.21244
1801437,8.000,9.000,-7.00000,-7.00000,-2.15802,-1.98709,-9.15802,-8.98709
1809448,8.000,9.000,-8.00000,-7.00000,-2.76245,-1.44680,-10.76245,-8.44680
1816843,8.000,9.000,-6.00000,-6.00000,-2.70165,-0.65653,-8.70165,-6.65653
1825688,8.000,9.000,-7.00000,-5.00000,-2.89578,0.18854,-9.89578,-4.81146
1833341,8.000,9.000,-6.00000,-4.00000,-1.80423,0.98536,-7.80423,-3.01464
1841477,8.000,9.000,-4.00000,-3.00000,-0.89834,1.71265,-4.89834,-1.28735
1849407,8.000,9.000,-4.00000,-3.00000,0.26557,2.06051,-3.73443,-0.93949
1857446,8.000,9.000,-2.00000,0.00000,1.36909,2.14801,-0.63091,2.14801
1865422,8.000,9.000,0.00000,0.00000,2.22991,1.85162,2.22991,1.85162
1873460,8.000,9.000,0.00000,0.00000,2.76184,1.28882,2.76184,1.28882
1880299,8.000,9.000,0.00000,0.00000,2.42441,0.48563,2.42441,0.48563
1889266,8.000,9.000,0.00000,0.00000,2.78762,-0.30416,2.78762,-0.30416
1896985,8.000,9.000,0.00000,0.00000,1.65814,-1.06558,1.65814,-1.06558
1905544,8.000,9.000,0.00000,0.00000,0.72759,-1.84695,0.72759,-1.84695
1913185,8.000,9.000,-1.00000,-1.00000,-0.43663,-1.97236,-1.43663,-2.97236
1921498,8.000,9.000,-1.00000,0.00000,-1.55686,-2.14382,-2.55686,-2.14382
1929040,8.000,9.000,-2.00000,0.00000,-2.16517,-1.64300,-4.16517,-1.64300
1937534,8.000,9.000,-3.00000,-1.00000,-2.89725,-1.21006,-5.89725,-2.21006
1945432,8.000,9.000,-4.00000,-3.00000,-2.68972,-0.33804,-6.68972,-3.33804
1953449,8.000,9.000,-4.00000,-3.00000,-2.28700,0.48587,-6.28700,-2.51413
1960126,8.000,9.000,-5.00000,-2.00000,-1.30029,0.98710,-6.30029,-1.01290
1969484,8.000,9.000,-4.00000,-3.00000,-0.61902,2.04451,-4.61902,-0.95549
1977384,8.000,9.000,-5.00000,-3.00000,0.64856,2.02550,-4.35144,-0.97450
1985437,8.000,9.000,-3.00000,-1.00000,1.65689,2.00220,-1.34311,1.00220
1993464,8.000,9.000,-2.00000,-2.00000,2.38376,1.61466,0.38376,-0.38534
2001327,8.000,9.000,-2.00000,0.00000,2.67380,0.96458,0.67380,0.96458
2008931,8.000,9.000,0.00000,0.00000,2.51453,0.21221,2.51453,0.21221
2017568,8.000,9.000,0.00000,0.00000,2.30994,-0.65104,2.30994,-0.65104
2024683,8.000,9.000,0.00000,0.00000,1.17615,-1.16657,1.17615,-1.16657
2033620,8.000,9.000,0.00000,0.00000,0.30972,-2.02847,0.30972,-2.02847
2041410,8.000,9.000,0.00000,0.00000,-0.82857,-1.98450,-0.82857,-1.98450
2048626,8.000,9.000,0.00000,0.00000,-1.57124,-1.74442,-1.57124,-1.74442
2055994,8.000,9.000,0.00000,0.00000,-2.18422,-1.44669,-2.18422,-1.44669
2065687,8.000,9.000,0.00000,0.00000,-3.26330,-1.07207,-3.26330,-1.07207
2072177,8.000,9.000,0.00000,0.00000,-2.08627,-0.07480,-2.08627,-0.07480
2080345,8.000,9.000,0.00000,0.00000,-2.12358,0.65717,-2.12358,0.65717
2088404,8.000,9.000,0.00000,0.00000,-1.23227,1.36267,-1.23227,1.36267
2096970,8.000,9.000,0.00000,0.00000,-0.15021,1.97654,-0.15021,1.97654
2104781,8.000,9.000,-1.00000,0.00000,0.92732,1.97762,-0.07268,1.97762
2112508,8.000,9.000,-2.00000,0.00000,1.77678,1.81714,-0.22322,1.81714
2121658,8.000,9.000,-1.00000,0.00000,2.83913,1.60435,1.83913,1.60435
2128870,8.000,9.000,-3.00000,1.00000,2.43398,0.63822,-0.56602,1.63822
2137580,8.000,9.000,-4.00000,0.00000,2.68479,-0.09406,-1.31521,-0.09406
2145397,8.000,9.000,-2.00000,1.00000,1.78101,-0.87373,-0.21899,0.12627
2153457,8.000,9.000,-2.00000,2.00000,0.91428,-1.53938,-1.08572,0.46062
2161430,8.000,9.000,-2.00000,1.00000,-0.15950,-1.91874,-2.15950,-0.91874
2169439,8.000,9.000,-3.00000,2.00000,-1.20071,-2.01699,-4.20071,-0.01699
2177432,8.000,9.000,-1.00000,1.00000,-2.04779,-1.78212,-3.04779,-0.78212
2185437,8.000,9.000,-1.00000,1.00000,-2.57539,-1.26915,-3.57539,-0.26915
2193446,8.000,9.000,0.00000,0.00000,-2.69136,-0.55030,-2.69136,-0.55030
2200636,8.000,9.000,0.00000,0.00000,-2.15971,0.19466,-2.15971,0.19466
2209303,8.000,9.000,0.00000,0.00000,-1.87363,1.06234,-1.87363,1.06234
2217478,8.000,9.000,0.00000,0.00000,-0.74226,1.66032,-0.74226,1.66032
2225411,8.000,9.000,0.00000,0.00000,0.35589,1.95859,0.35589,1.95859
2232570,8.000,9.000,0.00000,0.00000,1.19045,1.80463,1.19045,1.80463
2241666,8.000,9.000,0.00000,0.00000,2.45185,1.97087,2.45185,1.97087
2249380,8.000,9.000,0.00000,0.00000,2.55488,1.10946,2.55488,1.10946
2256320,8.000,9.000,0.00000,0.00000,2.34247,0.40639,2.34247,0.40639
2264636,8.000,9.000,0.00000,0.00000,2.45372,-0.32183,2.45372,-0.32183
2273624,8.000,9.000,0.00000,0.00000,1.76248,-1.27164,1.76248,-1.27164
2280856,8.000,9.000,0.00000,0.00000,0.50601,-1.55643,0.50601,-1.55643
2289576,8.000,9.000,0.00000,0.00000,-0.57751,-2.20244,-0.57751,-2.20244
2296953,8.000,9.000,0.00000,0.00000,-1.42889,-1.85092,-1.42889,-1.85092
2305543,8.000,9.000,0.00000,0.00000,-2.48270,-1.78841,-2.48270,-1.78841
2313227,8.000,9.000,0.00000,0.00000,-2.61369,-1.00848,-2.61369,-1.00848
2321482,8.000,9.000,0.00000,0.00000,-2.76758,-0.28155,-2.76758,-0.28155
2328233,8.000,9.000,0.00000,0.00000,-1.91024,0.42515,-1.91024,0.42515
2337728,8.000,9.000,0.00000,0.00000,-1.70786,1.49565,-1.70786,1.49565
2345351,8.000,9.000,0.00000,0.00000,-0.30994,1.75631,-0.30994,1.75631
2353453,8.000,9.000,0.00000,0.00000,0.77414,2.10765,0.77414,2.10765
2361426,8.000,9.000,0.00000,0.00000,1.75480,1.98869,1.75480,1.98869
2369433,8.000,9.000,0.00000,0.00000,2.47719,1.59180,2.47719,1.59180
2377431,8.000,9.000,0.00000,0.00000,2.79826,0.92846,2.79826,0.92846
2385426,8.000,9.000,0.00000,0.00000,2.67583,0.11546,2.67583,0.11546
2393453,8.000,9.000,0.00000,0.00000,2.13366,-0.72452,2.13366,-0.72452
2401430,8.000,9.000,0.00000,0.00000,1.22940,-1.44413,1.22940,-1.44413
2409430,8.000,9.000,0.00000,0.00000,0.13867,-1.94647,0.13867,-1.94647
2417028,8.000,9.000,0.00000,0.00000,-0.91115,-2.03100,-0.91115,-2.03100
2425538,8.000,9.000,0.00000,0.00000,-2.06639,-2.11925,-2.06639,-2.11925
2433404,8.000,9.000,0.00000,0.00000,-2.58579,-1.49201,-2.58579,-1.49201
2440559,8.000,9.000,0.00000,0.00000,-2.57568,-0.76187,-2.57568,-0.76187
2449650,8.000,9.000,0.00000,0.00000,-3.04866,0.00748,-3.04866,0.00748
2457187,8.000,9.000,0.00000,0.00000,-1.92002,0.83694,-1.92002,0.83694
2464313,8.000,9.000,0.00000,0.00000,-1.03569,1.38024,-1.03569,1.38024
2473716,8.000,9.000,0.00000,0.00000,0.01522,2.39516,0.01522,2.39516
2480329,8.000,9.000,0.00000,0.00000,0.95965,1.81807,0.95965,1.81807
2489716,8.000,9.000,0.00000,0.00000,2.48851,2.33620,2.48851,2.33620
2496867,8.000,9.000,0.00000,0.00000,2.48369,1.30193,2.48369,1.30193
2505535,8.000,9.000,0.00000,0.00000,3.20045,0.75568,3.20045,0.75568
2512839,8.000,9.000,0.00000,0.00000,2.44375,-0.16570,2.44375,-0.16570
2521585,8.000,9.000,0.00000,0.00000,2.13665,-1.13853,2.13665,-1.13853
2528474,8.000,9.000,0.00000,0.00000,0.81896,-1.49055,0.81896,-1.49055
2537667,8.000,9.000,0.00000,0.00000,-0.28123,-2.47891,-0.28123,-2.47891
2543939,8.000,9.000,0.00000,0.00000,-1.07500,-1.77099,-1.07500,-1.77099
2553820,8.000,9.000,0.00000,0.00000,-2.86622,-2.44839,-2.86622,-2.44839
2561312,8.000,9.000,0.00000,0.00000,-2.75917,-1.25932,-2.75917,-1.25932
2569462,8.000,9.000,0.00000,0.00000,-3.08530,-0.54598,-3.08530,-0.54598
2577446,8.000,9.000,0.00000,0.00000,-2.62764,0.38741,-2.62764,0.38741
2585434,8.000,9.000,0.00000,0.00000,-1.81177,1.24734,-1.81177,1.24734
2592763,8.000,9.000,0.00000,0.00000,-0.68689,1.73876,-0.68689,1.73876
2601590,8.000,9.000,0.00000,0.00000,0.55119,2.51281,0.55119,2.51281
2609406,8.000,9.000,0.00000,0.00000,1.67189,2.23896,1.67189,2.23896
2615994,8.000,9.000,0.00000,0.00000,2.09194,1.63268,2.09194,1.63268
2625567,8.000,9.000,0.00000,0.00000,3.66376,1.57611,3.66376,1.57611
2633409,8.000,9.000,0.00000,0.00000,3.03073,0.36171,3.03073,0.36171
2641442,8.000,9.000,0.00000,0.00000,2.60832,-0.57532,2.60832,-0.57532
2649424,8.000,9.000,0.00000,0.00000,1.67728,-1.43635,1.67728,-1.43635
2656329,8.000,9.000,0.00000,0.00000,0.49787,-1.77011,0.49787,-1.77011
2665347,8.000,9.000,0.00000,0.00000,-0.78889,-2.68544,-0.78889,-2.68544
2673462,8.000,9.000,0.00000,0.00000,-1.98536,-2.36483,-1.98536,-2.36483
2680275,8.000,9.000,0.00000,0.00000,-2.36891,-1.64907,-2.36891,-1.64907
2689723,8.000,9.000,0.00000,0.00000,-3.80715,-1.40115,-3.80715,-1.40115
2697245,8.000,9.000,0.00000,0.00000,-2.95659,-0.18779,-2.95659,-0.18779
2705492,8.000,9.000,0.00000,0.00000,-2.62598,0.78865,-2.62598,0.78865
2713210,8.000,9.000,0.00000,0.00000,-1.48496,1.57233,-1.48496,1.57233
2721497,8.000,9.000,0.00000,0.00000,-0.27995,2.32099,-0.27995,2.32099
2728891,8.000,9.000,0.00000,0.00000,0.94974,2.31219,0.94974,2.31219
2737566,8.000,9.000,0.00000,0.00000,2.38505,2.56253,2.38505,2.56253
2745400,8.000,9.000,0.00000,0.00000,2.98655,1.79298,2.98655,1.79298
2753443,8.000,9.000,0.00000,0.00000,3.39910,1.01974,3.39910,1.01974
2761430,8.000,9.000,0.00000,0.00000,3.17351,0.02111,3.17351,0.02111
2769434,8.000,9.000,0.00000,0.00000,2.46618,-0.98286,2.46618,-0.98286
2777431,8.000,9.000,0.00000,0.00000,1.34864,-1.83737,1.34864,-1.83737
2785432,8.000,9.000,0.00000,0.00000,0.00731,-2.40720,0.00731,-2.40720
2793436,8.000,9.000,0.00000,0.00000,-1.34912,-2.59634,-1.34912,-2.59634
2801433,8.000,9.000,0.00000,0.00000,-2.49918,-2.36808,-2.49918,-2.36808
2809433,8.000,9.000,0.00000,0.00000,-3.26107,-1.76103,-3.26107,-1.76103
2817427,8.000,9.000,0.00000,0.00000,-3.50407,-0.86508,-3.50407,-0.86508
2824509,8.000,9.000,0.00000,0.00000,-2.85921,0.10234,-2.85921,0.10234
2832757,8.000,9.000,0.00000,0.00000,-2.54111,1.13781,-2.54111,1.13781
2841606,8.000,9.000,0.00000,0.00000,-1.31400,2.22976,-1.31400,2.22976
2849873,8.000,9.000,0.00000,0.00000,0.32801,2.65833,0.32801,2.65833
2856333,8.000,9.000,0.00000,0.00000,1.28659,2.16895,1.28659,2.16895
2865225,8.000,9.000,0.00000,0.00000,2.99031,2.66723,2.99031,2.66723
2872546,8.000,9.000,0.00000,0.00000,3.14832,1.58061,3.14832,1.58061
2880282,8.000,9.000,0.00000,0.00000,3.50834,0.80550,3.50834,0.80550
2889712,8.000,9.000,0.00000,0.00000,3.78249,-0.38851,3.78249,-0.38851
2896948,8.000,9.000,0.00000,0.00000,2.03616,-1.28003,2.03616,-1.28003
2905553,8.000,9.000,1.00000,-1.00000,1.02435,-2.39278,2.02435,-3.39278
2912746,8.000,9.000,0.00000,0.00000,-0.44855,-2.42772,-0.44855,-2.42772
2921604,8.000,9.000,1.00000,0.00000,-2.10604,-3.03564,-1.10604,-3.03564
2928515,8.000,9.000,2.00000,0.00000,-2.59615,-2.04490,-0.59615,-2.04490
2937659,8.000,9.000,0.00000,0.00000,-4.15622,-1.81637,-4.15622,-1.81637
2945381,8.000,9.000,0.00000,0.00000,-3.56534,-0.48506,-3.56534,-0.48506
2953447,8.000,9.000,0.00000,0.00000,-3.16604,0.61712,-3.16604,0.61712
2961431,8.000,9.000,0.00000,0.00000,-2.06953,1.65200,-2.06953,1.65200
2969434,8.000,9.000,0.00000,0.00000,-0.66985,2.43866,-0.66985,2.43866
2977436,8.000,9.000,0.00000,0.00000,0.85495,2.83720,0.85495,2.83720
2985432,8.000,9.000,0.00000,0.00000,2.25264,2.78239,2.25264,2.78239
2993457,8.000,9.000,0.00000,0.00000,3.31387,2.29034,3.31387,2.29034
3001395,8.000,9.000,0.00000,0.00000,3.80111,1.40502,3.80111,1.40502
3009436,8.000,9.000,0.00000,0.00000,3.76884,0.31607,3.76884,0.31607
3017450,8.000,9.000,1.00000,0.00000,3.06954,-0.85252,4.06954,-0.85252
3025428,8.000,9.000,0.00000,0.00000,1.87953,-1.87951,1.87953,-1.87951
3033431,8.000,9.000,0.00000,0.00000,0.39548,-2.62496,0.39548,-2.62496
3041445,8.000,9.000,0.00000,0.00000,-1.17378,-2.95447,-1.17378,-2.95447
3048644,8.000,9.000,0.00000,0.00000,-2.25292,-2.54300,-2.25292,-2.54300
3057709,8.000,9.000,0.00000,0.00000,-3.98799,-2.52676,-3.98799,-2.52676
3065342,8.000,9.000,0.00000,0.00000,-3.79838,-1.18620,-3.79838,-1.18620
3073736,8.000,9.000,0.00000,0.00000,-3.94661,-0.08104,-3.94661,-0.08104
3081037,8.000,9.000,0.00000,0.00000,-2.70882,0.99127,-2.70882,0.99127
3089526,8.000,9.000,0.00000,0.00000,-1.79639,2.21942,-1.79639,2.21942
3097278,8.000,9.000,0.00000,0.00000,-0.10176,2.70976,-0.10176,2.70976
3105468,8.000,9.000,0.00000,0.00000,1.51920,3.11227,1.51920,3.11227
3112627,8.000,9.000,0.00000,0.00000,2.51281,2.52857,2.51281,2.52857
3120441,8.000,9.000,0.00000,0.00000,3.61748,2.15420,3.61748,2.15420
3129674,8.000,9.000,0.00000,0.00000,4.71473,1.29810,4.71473,1.29810
3137374,8.000,9.000,0.00000,0.00000,3.61122,-0.14759,3.61122,-0.14759
3145448,8.000,9.000,0.00000,0.00000,2.84561,-1.34625,2.84561,-1.34625
3153429,8.000,9.000,0.00000,0.00000,1.41423,-2.32356,1.41423,-2.32356
3161434,8.000,9.000,0.00000,0.00000,-0.21503,-2.95459,-0.21503,-2.95459
3169430,8.000,9.000,0.00000,0.00000,-1.82331,-3.10650,-1.82331,-3.10650
3177434,8.000,9.000,0.00000,0.00000,-3.15260,-2.76797,-3.15260,-2.76797
3185431,8.000,9.000,0.00000,0.00000,-3.97910,-1.97896,-3.97910,-1.97896
3193611,8.000,9.000,0.00000,0.00000,-4.26877,-0.87710,-4.26877,-0.87710
3201201,8.000,9.000,0.00000,0.00000,-3.52160,0.35922,-3.52160,0.35922
3209483,8.000,9.000,0.00000,0.00000,-2.74661,1.62428,-2.74661,1.62428
3217434,8.000,9.000,0.00000,0.00000,-1.13186,2.52229,-1.13186,2.52229
3225446,8.000,9.000,0.00000,0.00000,0.54501,3.09198,0.54501,3.09198
3233314,8.000,9.000,0.00000,0.00000,2.10662,3.09776,2.10662,3.09776
3241462,8.000,9.000,0.00000,0.00000,3.48018,2.75782,3.48018,2.75782
3249427,8.000,9.000,0.00000,0.00000,4.13681,1.81693,4.13681,1.81693
3257429,8.000,9.000,0.00000,0.00000,4.22464,0.65235,4.22464,0.65235
3265444,8.000,9.000,0.00000,0.00000,3.62281,-0.63514,3.62281,-0.63514
3273424,8.000,9.000,0.00000,0.00000,2.42222,-1.81857,2.42222,-1.81857
3280284,8.000,9.000,0.00000,0.00000,0.83192,-2.29671,0.83192,-2.29671
3289729,8.000,9.000,0.00000,0.00000,-0.92798,-3.74909,-0.92798,-3.74909
3296547,8.000,9.000,0.00000,0.00000,-2.06399,-2.70536,-2.06399,-2.70536
3305560,8.000,9.000,0.00000,0.00000,-4.08051,-2.97979,-4.08051,-2.97979
3312578,8.000,9.000,0.00000,0.00000,-3.76029,-1.49341,-3.76029,-1.49341
3321431,8.000,9.000,0.00000,0.00000,-4.69588,-0.53675,-4.69588,-0.53675
3328254,8.000,9.000,0.00000,0.00000,-3.04454,0.67801,-3.04454,0.67801
3337729,8.000,9.000,0.00000,0.00000,-2.67912,2.35864,-2.67912,2.35864
3345365,8.000,9.000,0.00000,0.00000,-0.48085,2.77479,-0.48085,2.77479
3351863,8.000,9.000,0.00000,0.00000,0.84969,2.65632,0.84969,2.65632
3361843,8.000,9.000,0.00000,0.00000,3.32535,3.93309,3.32535,3.93309
3368261,8.000,9.000,0.00000,0.00000,3.10005,2.03784,3.10005,2.03784
3377728,8.000,9.000,0.00000,0.00000,5.17518,1.78646,5.17518,1.78646
3385343,8.000,9.000,0.00000,0.00000,3.98656,0.14509,3.98656,0.14509
3393457,8.000,9.000,0.00000,0.00000,3.37073,-1.15161,3.37073,-1.15161
3401424,8.000,9.000,0.00000,0.00000,1.90341,-2.26387,1.90341,-2.26387
3409431,8.000,9.000,0.00000,0.00000,0.19793,-3.04538,0.19793,-3.04538
3417426,8.000,9.000,0.00000,0.00000,-1.55358,-3.32759,-1.55358,-3.32759
3424285,8.000,9.000,0.00000,0.00000,-2.54914,-2.67927,-2.54914,-2.67927
3433714,8.000,9.000,0.00000,0.00000,-4.75439,-2.81668,-4.75439,-2.81668
3440523,8.000,9.000,0.00000,0.00000,-3.79750,-1.09009,-3.79750,-1.09009
3449668,8.000,9.000,0.00000,0.00000,-4.72507,0.03232,-4.72507,0.03232
3456462,8.000,9.000,0.00000,0.00000,-2.69975,1.13319,-2.69975,1.13319
3465341,8.000,9.000,0.00000,0.00000,-1.91276,2.67162,-1.91276,2.67162
3472203,8.000,9.000,0.00000,0.00000,-0.00380,2.68435,-0.00380,2.68435
3481597,8.000,9.000,0.00000,0.00000,2.07798,3.92755,2.07798,3.92755
3488108,8.000,9.000,0.00000,0.00000,2.63916,2.48191,2.63916,2.48191
3496956,8.000,9.000,0.00000,0.00000,4.59986,2.52330,4.59986,2.52330
3505065,8.000,9.000,0.00000,0.00000,4.53746,1.07661,4.53746,1.07661
3512551,8.000,9.000,0.00000,0.00000,3.79767,-0.22223,3.79767,-0.22223
3520070,8.000,9.000,0.00000,0.00000,2.88338,-1.37069,2.88338,-1.37069
3529785,8.000,9.000,0.00000,0.00000,1.70319,-3.14400,1.70319,-3.14400
3536850,8.000,9.000,0.00000,0.00000,-0.40855,-2.87236,-0.40855,-2.87236
3544023,8.000,9.000,1.00000,0.00000,-1.79386,-3.01196,-0.79386,-3.01196
3553775,8.000,9.000,3.00000,0.00000,-4.22955,-3.56112,-1.22955,-3.56112
3561351,8.000,9.000,7.00000,0.00000,-4.12702,-1.85386,2.87298,-1.85386
3569461,8.000,9.000,11.00000,0.00000,-4.50597,-0.76204,6.49403,-0.76204
3577062,8.000,9.000,14.00000,-1.00000,-3.66242,0.54213,10.33758,-0.45787
3585520,8.000,9.000,13.00000,-1.00000,-2.78195,1.93237,10.21805,0.93237
3593415,8.000,9.000,12.00000,-3.00000,-0.94642,2.77128,11.05358,-0.22872
3601438,8.000,9.000,11.00000,-1.00000,0.82924,3.32043,11.82924,2.32043
3609438,8.000,9.000,11.00000,-3.00000,2.49125,3.28923,13.49125,0.28923
3617435,8.000,9.000,9.00000,-2.00000,3.75246,2.74057,12.75246,0.74057
3625436,8.000,9.000,9.00000,-2.00000,4.41737,1.75720,13.41737,-0.24280
3633435,8.000,9.000,8.00000,-1.00000,4.37357,0.49239,12.37357,-0.50761
3641454,8.000,9.000,8.00000,0.00000,3.64055,-0.85299,11.64055,-0.85299
3648188,8.000,9.000,9.00000,0.00000,2.05015,-1.66286,11.05015,-1.66286
3657151,8.000,9.000,7.00000,0.00000,0.88988,-3.20425,7.88988,-3.20425
3665436,8.000,9.000,7.00000,0.00000,-1.16901,-3.45168,5.83099,-3.45168
3672826,8.000,9.000,9.00000,1.00000,-2.50023,-2.98245,6.49977,-1.98245
3680615,8.000,9.000,11.00000,2.00000,-3.73381,-2.57922,7.26619,-0.57922
3689638,8.000,9.000,10.00000,1.00000,-4.99263,-1.76813,5.00737,-0.76813
3696951,8.000,9.000,12.00000,2.00000,-3.90837,-0.23668,8.09163,1.76332
3705546,8.000,9.000,11.00000,3.00000,-3.67893,1.13732,7.32107,4.13732
3713247,8.000,9.000,11.00000,2.00000,-1.93326,2.15025,9.06674,4.15025
3721477,8.000,9.000,10.00000,4.00000,-0.30695,3.10645,9.69305,7.10645
3728486,8.000,9.000,10.00000,1.00000,1.21146,2.91947,11.21146,3.91947
3737654,8.000,9.000,8.00000,2.00000,3.35629,3.57265,11.35629,5.57265
3745368,8.000,9.000,8.00000,2.00000,3.89680,2.28742,11.89680,4.28742
3753451,8.000,9.000,7.00000,1.00000,4.46939,1.29742,11.46939,2.29742
3761403,8.000,9.000,7.00000,1.00000,4.08512,-0.01934,11.08512,0.98066
3768071,8.000,9.000,6.00000,2.00000,2.71160,-1.00867,8.71160,0.99133
3777790,8.000,9.000,5.00000,1.00000,2.14949,-2.83005,7.14949,-1.83005
3785315,8.000,9.000,5.00000,0.00000,-0.07866,-2.91572,4.92134,-2.91572
3793468,8.000,9.000,4.00000,0.00000,-1.79669,-3.35319,2.20331,-3.35319
3801422,8.000,9.000,5.00000,0.00000,-3.18221,-2.94828,1.81779,-2.94828
3809437,8.000,9.000,4.00000,0.00000,-4.11755,-2.17354,-0.11755,-2.17354
3817436,8.000,9.000,6.00000,-1.00000,-4.36283,-1.02869,1.63717,-2.02869
3824297,8.000,9.000,6.00000,0.00000,-3.41397,0.15242,2.58603,0.15242
3833743,8.000,9.000,4.00000,0.00000,-3.44062,1.72131,0.55938,1.72131
3840600,8.000,9.000,6.00000,0.00000,-1.19419,2.14581,4.80581,2.14581
3849537,8.000,9.000,6.00000,0.00000,0.34387,3.46490,6.34387,3.46490
3856864,8.000,9.000,6.00000,0.00000,1.83219,2.95738,7.83219,2.95738
3865577,8.000,9.000,5.00000,1.00000,3.62932,3.06934,8.62932,4.06934
3873394,8.000,9.000,5.00000,0.00000,4.05547,1.89236,9.05547,1.89236
3880345,8.000,9.000,6.00000,0.00000,3.72239,0.75197,9.72239,0.75197
3888496,8.000,9.000,4.00000,0.00000,3.87681,-0.35424,7.87681,-0.35424
3896950,8.000,9.000,2.00000,0.00000,2.82023,-1.70051,4.82023,-1.70051
3905547,8.000,9.000,3.00000,0.00000,1.11350,-2.80355,4.11350,-2.80355
3912561,8.000,9.000,0.00000,0.00000,-0.54747,-2.73375,-0.54747,-2.73375
3921643,8.000,9.000,0.00000,0.00000,-2.52115,-3.54934,-2.52115,-3.54934
3928751,8.000,9.000,2.00000,0.00000,-3.08396,-2.35167,-1.08396,-2.35167
3937609,8.000,9.000,0.00000,0.00000,-4.56654,-1.92396,-4.56654,-1.92396
3945391,8.000,9.000,1.00000,0.00000,-4.01063,-0.49940,-3.01063,-0.49940
3953445,8.000,9.000,2.00000,1.00000,-3.47625,0.73826,-1.47625,1.73826
3961434,8.000,9.000,2.00000,1.00000,-2.22805,1.86921,-0.22805,2.86921
3969434,8.000,9.000,4.00000,0.00000,-0.66441,2.70189,3.33559,2.70189
3977428,8.000,9.000,5.00000,0.00000,0.99875,3.09561,5.99875,3.09561
3985435,8.000,9.000,4.00000,-1.00000,2.49724,3.00075,6.49724,2.00075
3993435,8.000,9.000,4.00000,-1.00000,3.58497,2.42163,7.58497,1.42163
4001432,8.000,9.000,4.00000,-1.00000,4.09528,1.46273,8.09528,0.46273
4009432,8.000,9.000,4.00000,1.00000,3.95341,0.27797,7.95341,1.27797
4017440,8.000,9.000,4.00000,-1.00000,3.18446,-0.94586,7.18446,-1.94586
4025465,8.000,9.000,3.00000,0.00000,1.91074,-2.01716,4.91074,-2.01716
4033425,8.000,9.000,3.00000,-1.00000,0.33546,-2.73361,3.33546,-3.73361
4040474,8.000,9.000,2.00000,-1.00000,-1.04066,-2.68087,0.95934,-3.68087
4049697,8.000,9.000,1.00000,0.00000,-3.01276,-3.30123,-2.01276,-3.30123
4056440,8.000,9.000,2.00000,0.00000,-3.04456,-1.89729,-1.04456,-1.89729
4065358,8.000,9.000,1.00000,0.00000,-4.46370,-1.43865,-3.46370,-1.43865
4073230,8.000,9.000,1.00000,0.00000,-3.70439,-0.06162,-2.70439,-0.06162
4081239,8.000,9.000,2.00000,0.00000,-2.92679,1.10748,-0.92679,1.10748
4089469,8.000,9.000,2.00000,0.00000,-1.64336,2.17230,0.35664,2.17230
4096835,8.000,9.000,3.00000,-1.00000,-0.07771,2.53231,2.92229,1.53231
4105594,8.000,9.000,3.00000,0.00000,1.61807,3.23865,4.61807,3.23865
4112427,8.000,9.000,2.00000,-1.00000,2.35897,2.32111,4.35897,1.32111
4121686,8.000,9.000,2.00000,-1.00000,4.18689,2.34179,6.18689,1.34179
4129035,8.000,9.000,0.00000,0.00000,3.58997,0.90708,3.58997,0.90708
4136072,8.000,9.000,0.00000,0.00000,3.17254,-0.04672,3.17254,-0.04672
4145788,8.000,9.000,0.00000,0.00000,3.23547,-1.49658,3.23547,-1.49658
4151942,8.000,9.000,0.00000,0.00000,1.05407,-1.66094,1.05407,-1.66094
4161819,8.000,9.000,0.00000,0.00000,-0.19469,-3.35778,-0.19469,-3.35778
4169132,8.000,9.000,0.00000,0.00000,-1.59779,-2.61476,-1.59779,-2.61476
4177508,8.000,9.000,0.00000,0.00000,-3.04508,-2.63164,-3.04508,-2.63164
4185411,8.000,9.000,0.00000,0.00000,-3.59287,-1.73638,-3.59287,-1.73638
4193439,8.000,9.000,0.00000,0.00000,-3.77537,-0.74353,-3.77537,-0.74353
4201426,8.000,9.000,0.00000,0.00000,-3.28499,0.38936,-3.28499,0.38936
4209455,8.000,9.000,0.00000,0.00000,-2.30606,1.45474,-2.30606,1.45474
4217428,8.000,9.000,0.00000,0.00000,-0.94576,2.26129,-0.94576,2.26129
4224310,8.000,9.000,0.00000,0.00000,0.37360,2.32885,0.37360,2.32885
4233728,8.000,9.000,0.00000,0.00000,2.18662,3.22490,2.18662,3.22490
4241343,8.000,9.000,0.00000,0.00000,2.86820,2.19940,2.86820,2.19940
4249459,8.000,9.000,0.00000,0.00000,3.63651,1.55891,3.63651,1.55891
4257329,8.000,9.000,0.00000,0.00000,3.54140,0.50934,3.54140,0.50934
4265445,8.000,9.000,0.00000,0.00000,3.08498,-0.58326,3.08498,-0.58326
4273430,8.000,9.000,0.00000,0.00000,1.99390,-1.57061,1.99390,-1.57061
4281440,8.000,9.000,0.00000,0.00000,0.65149,-2.30908,0.65149,-2.30908
4289422,8.000,9.000,0.00000,0.00000,-0.78575,-2.66054,-0.78575,-2.66054
4297397,8.000,9.000,0.00000,0.00000,-2.07895,-2.59251,-2.07895,-2.59251
4305405,8.000,9.000,0.00000,0.00000,-3.04665,-2.12547,-3.04665,-2.12547
4312656,8.000,9.000,0.00000,0.00000,-3.17764,-1.23028,-3.17764,-1.23028
4321433,8.000,9.000,0.00000,0.00000,-3.76083,-0.38094,-3.76083,-0.38094
4328748,8.000,9.000,0.00000,0.00000,-2.57517,0.65090,-2.57517,0.65090
4337605,8.000,9.000,0.00000,0.00000,-1.92543,1.82396,-1.92543,1.82396
4344424,8.000,9.000,0.00000,0.00000,-0.37571,1.96205,-0.37571,1.96205
4353683,8.000,9.000,0.00000,0.00000,1.09765,2.99238,1.09765,2.99238
4361294,8.000,9.000,0.00000,0.00000,2.12190,2.33218,2.12190,2.33218
4369465,8.000,9.000,0.00000,0.00000,3.12597,1.96676,3.12597,1.96676
4377443,8.000,9.000,0.00000,0.00000,3.40578,1.08471,3.40578,1.08471
4385339,8.000,9.000,0.00000,0.00000,3.17967,0.09727,3.17967,0.09727
4393252,8.000,9.000,0.00000,0.00000,2.50153,-0.88367,2.50153,-0.88367
4401469,8.000,9.000,0.00000,0.00000,1.46363,-1.79906,1.46363,-1.79906
4409421,8.000,9.000,0.00000,0.00000,0.09844,-2.30796,0.09844,-2.30796
4417435,8.000,9.000,0.00000,0.00000,-1.21756,-2.51360,-1.21756,-2.51360
4424285,8.000,9.000,0.00000,0.00000,-1.93855,-1.99494,-1.93855,-1.99494
4433750,8.000,9.000,0.00000,0.00000,-3.58021,-2.07705,-3.58021,-2.07705
4441341,8.000,9.000,0.00000,0.00000,-3.13366,-0.82260,-3.13366,-0.82260
4449461,8.000,9.000,0.00000,0.00000,-3.06066,0.09322,-3.06066,0.09322
4456317,8.000,9.000,0.00000,0.00000,-1.98815,0.84694,-1.98815,0.84694
4465718,8.000,9.000,0.00000,0.00000,-1.40839,2.09764,-1.40839,2.09764
4472996,8.000,9.000,0.00000,0.00000,0.12220,2.09545,0.12220,2.09545
4481307,8.000,9.000,0.00000,0.00000,1.40666,2.50876,1.40666,2.50876
4489455,8.000,9.000,0.00000,0.00000,2.45072,2.18087,2.45072,2.18087
4497345,8.000,9.000,0.00000,0.00000,2.99417,1.50966,2.99417,1.50966
4505429,8.000,9.000,0.00000,0.00000,3.20698,0.69092,3.20698,0.69092
4512646,8.000,9.000,0.00000,0.00000,2.56030,-0.20192,2.56030,-0.20192
4521625,8.000,9.000,0.00000,0.00000,2.27597,-1.27443,2.27597,-1.27443
4528705,8.000,9.000,0.00000,0.00000,0.81077,-1.64271,0.81077,-1.64271
4537616,8.000,9.000,0.00000,0.00000,-0.36981,-2.51970,-0.36981,-2.51970
4545410,8.000,9.000,0.00000,0.00000,-1.52518,-2.24982,-1.52518,-2.24982
4553479,8.000,9.000,0.00000,0.00000,-2.49852,-1.99561,-2.49852,-1.99561
4561429,8.000,9.000,0.00000,0.00000,-2.97989,-1.32713,-2.97989,-1.32713
4569431,8.000,9.000,0.00000,0.00000,-3.03905,-0.48869,-3.03905,-0.48869
4577430,8.000,9.000,0.00000,0.00000,-2.59607,0.43092,-2.59607,0.43092
4585430,8.000,9.000,0.00000,0.00000,-1.74596,1.27432,-1.74596,1.27432
4593454,8.000,9.000,0.00000,0.00000,-0.62535,1.91499,-0.62535,1.91499
4600414,8.000,9.000,0.00000,0.00000,0.44588,1.93837,0.44588,1.93837
4609697,8.000,9.000,0.00000,0.00000,1.90632,2.56135,1.90632,2.56135
4617367,8.000,9.000,0.00000,0.00000,2.42904,1.74102,2.42904,1.74102
4625364,8.000,9.000,0.00000,0.00000,2.94438,1.16039,2.94438,1.16039
4633450,8.000,9.000,0.00000,0.00000,2.93039,0.31493,2.93039,0.31493
4641430,8.000,9.000,0.00000,0.00000,2.38360,-0.57863,2.38360,-0.57863
4649428,8.000,9.000,0.00000,0.00000,1.50625,-1.36790,1.50625,-1.36790
4656851,8.000,9.000,0.00000,0.00000,0.40168,-1.78223,0.40168,-1.78223
4665582,8.000,9.000,0.00000,0.00000,-0.81737,-2.38356,-0.81737,-2.38356
4672141,8.000,9.000,0.00000,0.00000,-1.44011,-1.73600,-1.44011,-1.73600
4680274,8.000,9.000,0.00000,0.00000,-2.51129,-1.78080,-2.51129,-1.78080
4689736,8.000,9.000,0.00000,0.00000,-3.40130,-1.20399,-3.40130,-1.20399
4696949,8.000,9.000,0.00000,0.00000,-2.49350,-0.13479,-2.49350,-0.13479
4705547,8.000,9.000,0.00000,0.00000,-2.36937,0.74859,-2.36937,0.74859
4712734,8.000,9.000,0.00000,0.00000,-1.18251,1.28557,-1.18251,1.28557
4721599,8.000,9.000,0.00000,0.00000,-0.22763,2.14788,-0.22763,2.14788
4728830,8.000,9.000,0.00000,0.00000,0.84355,1.93669,0.84355,1.93669
4737583,8.000,9.000,0.00000,0.00000,2.08349,2.18049,2.08349,2.18049
4745396,8.000,9.000,0.00000,0.00000,2.53046,1.47884,2.53046,1.47884
4753441,8.000,9.000,0.00000,0.00000,2.84434,0.81715,2.84434,0.81715
4761446,8.000,9.000,0.00000,0.00000,2.62035,-0.02161,2.62035,-0.02161
4769041,8.000,9.000,0.00000,0.00000,1.91336,-0.78449,1.91336,-0.78449
4776810,8.000,9.000,0.00000,0.00000,1.09140,-1.44938,1.09140,-1.44938
4785396,8.000,9.000,0.00000,0.00000,0.00339,-2.09638,0.00339,-2.09638
4792323,8.000,9.000,0.00000,0.00000,-0.91726,-1.81540,-0.91726,-1.81540
4800963,8.000,9.000,0.00000,0.00000,-2.11184,-2.06738,-2.11184,-2.06738
4809545,8.000,9.000,0.00000,0.00000,-2.78707,-1.48759,-2.78707,-1.48759
4817403,8.000,9.000,0.00000,0.00000,-2.71807,-0.63522,-2.71807,-0.63522
4825451,8.000,9.000,0.00000,0.00000,-2.49932,0.17322,-2.49932,0.17322
4833432,8.000,9.000,0.00000,0.00000,-1.80268,0.96370,-1.80268,0.96370
4841436,8.000,9.000,0.00000,0.00000,-0.84733,1.60180,-0.84733,1.60180
4849445,8.000,9.000,0.00000,0.00000,0.24596,1.98188,0.24596,1.98188
4856456,8.000,9.000,0.00000,0.00000,1.08345,1.79720,1.08345,1.79720
4865213,8.000,9.000,0.00000,0.00000,2.27386,1.97845,2.27386,1.97845
4873480,8.000,9.000,0.00000,0.00000,2.71272,1.28313,2.71272,1.28313
4880274,8.000,9.000,0.00000,0.00000,2.31064,0.46914,2.31064,0.46914
4888870,8.000,9.000,0.00000,0.00000,2.58819,-0.24900,2.58819,-0.24900
4897393,8.000,9.000,0.00000,0.00000,1.76706,-1.12374,1.76706,-1.12374
4905444,8.000,9.000,0.00000,0.00000,0.64976,-1.67994,0.64976,-1.67994
4912729,8.000,9.000,0.00000,0.00000,-0.35821,-1.80880,-0.35821,-1.80880
4921605,8.000,9.000,0.00000,0.00000,-1.57267,-2.21574,-1.57267,-2.21574
4928832,8.000,9.000,0.00000,0.00000,-2.00074,-1.53195,-2.00074,-1.53195
4937584,8.000,9.000,0.00000,0.00000,-2.88884,-1.22352,-2.88884,-1.22352
4945398,8.000,9.000,0.00000,0.00000,-2.58766,-0.33223,-2.58766,-0.33223
4953440,8.000,9.000,0.00000,0.00000,-2.24041,0.46384,-2.24041,0.46384
4961430,8.000,9.000,0.00000,0.00000,-1.44977,1.19561,-1.44977,1.19561
4969435,8.000,9.000,0.00000,0.00000,-0.44568,1.74056,-0.44568,1.74056
4977432,8.000,9.000,0.00000,0.00000,0.63080,2.00420,0.63080,2.00420
4985434,8.000,9.000,0.00000,0.00000,1.60659,1.95144,1.60659,1.95144
4993454,8.000,9.000,0.00000,0.00000,2.33158,1.58950,2.33158,1.58950
5001427,8.000,9.000,0.00000,0.00000,2.66486,0.96535,2.66486,0.96535
5009059,8.000,9.000,0.00000,0.00000,2.48513,0.20725,2.48513,0.20725
5017515,8.000,9.000,0.00000,0.00000,2.23698,-0.62408,2.23698,-0.62408
5024271,8.000,9.000,0.00000,0.00000,1.13678,-1.07441,1.13678,-1.07441
5033738,8.000,9.000,0.00000,0.00000,0.36195,-2.11288,0.36195,-2.11288
5040456,8.000,9.000,0.00000,0.00000,-0.65505,-1.69815,-0.65505,-1.69815
5049496,8.000,9.000,0.00000,0.00000,-1.93499,-2.17014,-1.93499,-2.17014
5057417,8.000,9.000,0.00000,0.00000,-2.40214,-1.47727,-2.40214,-1.47727
5065441,8.000,9.000,0.00000,0.00000,-2.70801,-0.84191,-2.70801,-0.84191
5072481,8.000,9.000,0.00000,0.00000,-2.26235,-0.08647,-2.26235,-0.08647
5081098,8.000,9.000,0.00000,0.00000,-2.19961,0.73923,-2.19961,0.73923
5088103,8.000,9.000,0.00000,0.00000,-1.06145,1.19901,-1.06145,1.19901
5096786,8.000,9.000,0.00000,0.00000,-0.20184,1.99748,-0.20184,1.99748
5105582,8.000,9.000,0.00000,0.00000,1.08035,2.23843,1.08035,2.23843
5112963,8.000,9.000,0.00000,0.00000,1.76201,1.73216,1.76201,1.73216
5121544,8.000,9.000,0.00000,0.00000,2.69805,1.51543,2.69805,1.51543
5128940,8.000,9.000,0.00000,0.00000,2.52629,0.67215,2.52629,0.67215
5137556,8.000,9.000,0.00000,0.00000,2.69769,-0.08732,2.69769,-0.08732
5145397,8.000,9.000,0.00000,0.00000,1.82469,-0.88136,1.82469,-0.88136
5153445,8.000,9.000,0.00000,0.00000,0.94131,-1.55822,0.94131,-1.55822
5161430,8.000,9.000,0.00000,0.00000,-0.15019,-1.95635,-0.15019,-1.95635
5169433,8.000,9.000,0.00000,0.00000,-1.21454,-2.05947,-1.21454,-2.05947
5177427,8.000,9.000,0.00000,0.00000,-2.08740,-1.82809,-2.08740,-1.82809
5185303,8.000,9.000,0.00000,0.00000,-2.59108,-1.29229,-2.59108,-1.29229
5193470,8.000,9.000,0.00000,0.00000,-2.81889,-0.59019,-2.81889,-0.59019
5201421,8.000,9.000,0.00000,0.00000,-2.43258,0.25444,-2.43258,0.25444
5209445,8.000,9.000,0.00000,0.00000,-1.74773,1.04948,-1.74773,1.04948
5217410,8.000,9.000,0.00000,0.00000,-0.75245,1.66721,-0.75245,1.66721
5225440,8.000,9.000,0.00000,0.00000,0.35837,2.04630,0.35837,2.04630
5233429,8.000,9.000,0.00000,0.00000,1.41832,2.07663,1.41832,2.07663
5241468,8.000,9.000,0.00000,0.00000,2.27304,1.79559,2.27304,1.79559
5249420,8.000,9.000,0.00000,0.00000,2.72912,1.20088,2.72912,1.20088
5256368,8.000,9.000,0.00000,0.00000,2.43989,0.42610,2.43989,0.42610
5265401,8.000,9.000,0.00000,0.00000,2.74623,-0.40333,2.74623,-0.40333
5272478,8.000,9.000,0.00000,0.00000,1.47981,-1.02693,1.47981,-1.02693
5280428,8.000,9.000,0.00000,0.00000,0.69987,-1.73363,0.69987,-1.73363
5288773,8.000,9.000,0.00000,0.00000,-0.47717,-2.19185,-0.47717,-2.19185
5296936,8.000,9.000,0.00000,0.00000,-1.59576,-2.15471,-1.59576,-2.15471
5305550,8.000,9.000,0.00000,0.00000,-2.60674,-1.88725,-2.60674,-1.88725
5313131,8.000,9.000,0.00000,0.00000,-2.70794,-1.05573,-2.70794,-1.05573
5321505,8.000,9.000,0.00000,0.00000,-2.95774,-0.31209,-2.95774,-0.31209
5328301,8.000,9.000,0.00000,0.00000,-2.02760,0.44923,-2.02760,0.44923
5337740,8.000,9.000,0.00000,0.00000,-1.79508,1.56671,-1.79508,1.56671
5345343,8.000,9.000,0.00000,0.00000,-0.33499,1.84802,-0.33499,1.84802
5352397,8.000,9.000,0.00000,0.00000,0.63918,1.93785,0.63918,1.93785
5360915,8.000,9.000,0.00000,0.00000,1.87803,2.27601,1.87803,2.27601
5368276,8.000,9.000,0.00000,0.00000,2.35669,1.61131,2.35669,1.61131
5376263,8.000,9.000,0.00000,0.00000,2.94403,1.10459,2.94403,1.10459
5385738,8.000,9.000,0.00000,0.00000,3.38657,0.20900,3.38657,0.20900
5393026,8.000,9.000,0.00000,0.00000,2.07379,-0.69005,2.07379,-0.69005
5400500,8.000,9.000,0.00000,0.00000,1.31991,-1.38420,1.31991,-1.38420
5408615,8.000,9.000,0.00000,0.00000,0.29192,-2.05835,0.29192,-2.05835
5417631,8.000,9.000,0.00000,0.00000,-1.12614,-2.56518,-1.12614,-2.56518
5425413,8.000,9.000,0.00000,0.00000,-2.04268,-2.06550,-2.04268,-2.06550
5432731,8.000,9.000,0.00000,0.00000,-2.54873,-1.51848,-2.54873,-1.51848
5439873,8.000,9.000,0.00000,0.00000,-2.74567,-0.88211,-2.74567,-0.88211
5449594,8.000,9.000,0.00000,0.00000,-3.51515,-0.04965,-3.51515,-0.04965
5457408,8.000,9.000,0.00000,0.00000,-2.12906,0.93453,-2.12906,0.93453
5465012,8.000,9.000,0.00000,0.00000,-1.12743,1.61251,-1.12743,1.61251
5472176,8.000,9.000,0.00000,0.00000,-0.05232,1.94910,-0.05232,1.94910
5481592,8.000,9.000,0.00000,0.00000,1.43209,2.76958,1.43209,2.76958
5489389,8.000,9.000,0.00000,0.00000,2.27575,2.07168,2.27575,2.07168
5496954,8.000,9.000,0.00000,0.00000,2.81816,1.49434,2.81816,1.49434
5505314,8.000,9.000,0.00000,0.00000,3.32671,0.79697,3.32671,0.79697
5511930,8.000,9.000,0.00000,0.00000,2.42092,-0.10251,2.42092,-0.10251
5521805,8.000,9.000,0.00000,0.00000,2.65030,-1.33363,2.65030,-1.33363
5528996,8.000,9.000,0.00000,0.00000,0.87408,-1.70209,0.87408,-1.70209
5537542,8.000,9.000,0.00000,0.00000,-0.31263,-2.49713,-0.31263,-2.49713
5545406,8.000,9.000,0.00000,0.00000,-1.54516,-2.38431,-1.54516,-2.38431
5553438,8.000,9.000,0.00000,0.00000,-2.58092,-2.12658,-2.58092,-2.12658
5561447,8.000,9.000,0.00000,0.00000,-3.17946,-1.46830,-3.17946,-1.46830
5569424,8.000,9.000,0.00000,0.00000,-3.26610,-0.57446,-3.26610,-0.57446
5577369,8.000,9.000,0.00000,0.00000,-2.83507,0.40796,-2.83507,0.40796
5585444,8.000,9.000,0.00000,0.00000,-1.98839,1.35913,-1.98839,1.35913
5593444,8.000,9.000,0.00000,0.00000,-0.75655,2.07649,-0.75655,2.07649
5601421,8.000,9.000,0.00000,0.00000,0.58056,2.46911,0.58056,2.46911
5609298,8.000,9.000,0.00000,0.00000,1.80353,2.44728,1.80353,2.44728
5617201,8.000,9.000,0.00000,0.00000,2.76640,2.08029,2.76640,2.08029
5625506,8.000,9.000,0.00000,0.00000,3.47426,1.42270,3.47426,1.42270
5633354,8.000,9.000,0.00000,0.00000,3.28897,0.40036,3.28897,0.40036
5640978,8.000,9.000,0.00000,0.00000,2.70940,-0.56016,2.70940,-0.56016
5649550,8.000,9.000,0.00000,0.00000,1.97760,-1.65082,1.97760,-1.65082
5657404,8.000,9.000,0.00000,0.00000,0.51200,-2.21949,0.51200,-2.21949
5664971,8.000,9.000,0.00000,0.00000,-0.77561,-2.45553,-0.77561,-2.45553
5673549,8.000,9.000,0.00000,0.00000,-2.25138,-2.71320,-2.25138,-2.71320
5681310,8.000,9.000,0.00000,0.00000,-2.97101,-1.98917,-2.97101,-1.98917
5689460,8.000,9.000,0.00000,0.00000,-3.57856,-1.26753,-3.57856,-1.26753
5696939,8.000,9.000,0.00000,0.00000,-3.19952,-0.23743,-3.19952,-0.23743
5705550,8.000,9.000,0.00000,0.00000,-2.98430,0.87560,-2.98430,0.87560
5713139,8.000,9.000,0.00000,0.00000,-1.58289,1.67593,-1.58289,1.67593
5721504,8.000,9.000,0.00000,0.00000,-0.31082,2.53694,-0.31082,2.53694
5728310,8.000,9.000,0.00000,0.00000,0.90662,2.30547,0.90662,2.30547
5737706,8.000,9.000,0.00000,0.00000,2.76025,3.01354,2.76025,3.01354
5745364,8.000,9.000,0.00000,0.00000,3.16732,1.89302,3.16732,1.89302
5753450,8.000,9.000,0.00000,0.00000,3.70028,1.11042,3.70028,1.11042
5761443,8.000,9.000,0.00000,0.00000,3.43643,0.01963,3.43643,0.01963
5769438,8.000,9.000,0.00000,0.00000,2.66315,-1.06543,2.66315,-1.06543
5777075,8.000,9.000,0.00000,0.00000,1.42055,-1.88432,1.42055,-1.88432
5785517,8.000,9.000,0.00000,0.00000,0.03188,-2.73816,0.03188,-2.73816
5793401,8.000,9.000,0.00000,0.00000,-1.44435,-2.76566,-1.44435,-2.76566
5801441,8.000,9.000,0.00000,0.00000,-2.71614,-2.57277,-2.71614,-2.57277
5809450,8.000,9.000,0.00000,0.00000,-3.52930,-1.90134,-3.52930,-1.90134
5817241,8.000,9.000,0.00000,0.00000,-3.68968,-0.91925,-3.68968,-0.91925
5825473,8.000,9.000,0.00000,0.00000,-3.54870,0.18879,-3.54870,0.18879
5833425,8.000,9.000,0.00000,0.00000,-2.52914,1.29294,-2.52914,1.29294
5840859,8.000,9.000,0.00000,0.00000,-1.19636,2.02363,-1.19636,2.02363
5849579,8.000,9.000,0.00000,0.00000,0.26832,2.99684,0.26832,2.99684
5857229,8.000,9.000,0.00000,0.00000,1.69325,2.75870,1.69325,2.75870
5865261,8.000,9.000,0.00000,0.00000,2.97711,2.56558,2.97711,2.56558
5873469,8.000,9.000,0.00000,0.00000,3.82526,1.84556,3.82526,1.84556
5880263,8.000,9.000,0.00000,0.00000,3.31471,0.70495,3.31471,0.70495
5889742,8.000,9.000,0.00000,0.00000,4.08377,-0.42569,4.08377,-0.42569
5896109,8.000,9.000,0.00000,0.00000,1.97380,-1.17309,1.97380,-1.17309
5904300,8.000,9.000,0.00000,0.00000,1.24575,-2.35192,1.24575,-2.35192
5913311,8.000,9.000,0.00000,0.00000,-0.53161,-3.24066,-0.53161,-3.24066
5921461,8.000,9.000,0.00000,0.00000,-2.12313,-2.99319,-2.12313,-2.99319
5928430,8.000,9.000,0.00000,0.00000,-2.79753,-2.21600,-2.79753,-2.21600
5937696,8.000,9.000,0.00000,0.00000,-4.51094,-1.96982,-4.51094,-1.96982
5945011,8.000,9.000,0.00000,0.00000,-3.62157,-0.51021,-3.62157,-0.51021
5953538,8.000,9.000,0.00000,0.00000,-3.58971,0.68063,-3.58971,0.68063
5961404,8.000,9.000,0.00000,0.00000,-2.16874,1.74836,-2.16874,1.74836
5969437,8.000,9.000,0.00000,0.00000,-0.71335,2.61630,-0.71335,2.61630
5977443,8.000,9.000,0.00000,0.00000,0.92115,3.03061,0.92115,3.03061
5985117,8.000,9.000,0.00000,0.00000,2.28826,2.85401,2.28826,2.85401
5993121,8.000,9.000,0.00000,0.00000,3.49128,2.46141,3.49128,2.46141
6001515,8.000,9.000,0.00000,0.00000,4.27497,1.59078,4.27497,1.59078
6009421,8.000,9.000,0.00000,0.00000,3.93901,0.31673,3.93901,0.31673
6016333,8.000,9.000,0.00000,0.00000,2.87689,-0.71450,2.87689,-0.71450
6025163,8.000,9.000,0.00000,0.00000,2.33637,-2.11885,2.33637,-2.11885
6033518,8.000,9.000,0.00000,0.00000,0.44859,-2.90362,0.44859,-2.90362
6039937,8.000,9.000,0.00000,0.00000,-0.89069,-2.50832,-0.89069,-2.50832
6049223,8.000,9.000,0.00000,0.00000,-2.98774,-3.48624,-2.98774,-3.48624
6057507,8.000,9.000,0.00000,0.00000,-3.88739,-2.42342,-3.88739,-2.42342
6064876,8.000,9.000,0.00000,0.00000,-3.87724,-1.25072,-3.87724,-1.25072
6072230,8.000,9.000,0.00000,0.00000,-3.71793,-0.21334,-3.71793,-0.21334
6081304,8.000,9.000,0.00000,0.00000,-3.63623,1.19935,-3.63623,1.19935
6088888,8.000,9.000,0.00000,0.00000,-1.72202,2.07956,-1.72202,2.07956
6097386,8.000,9.000,0.00000,0.00000,-0.16759,3.11293,-0.16759,3.11293
6104771,8.000,9.000,0.00000,0.00000,1.39818,2.95920,1.39818,2.95920
6112634,8.000,9.000,0.00000,0.00000,2.85454,2.93680,2.85454,2.93680
6121624,8.000,9.000,0.00000,0.00000,4.43068,2.51900,4.43068,2.51900
6128786,8.000,9.000,0.00000,0.00000,3.85560,1.03548,3.85560,1.03548
6137600,8.000,9.000,0.00000,0.00000,4.35606,-0.12614,4.35606,-0.12614
